issue_id,priority,url,section,device,observation,evidence,consequence,prescribed_fix,owner,estimated_person_days,dependencies,acceptance_criteria,status
CW01,P1,https://corridorway.com/,Mineral availability,Chrome desktop 1363x936; other devices untested,"Home calls gypsum, copper and gold Active; copper authority/assay/compliance pending and gold origin/authority/compliance pending in detailed passports.",home.json; pages.json minerals; home.jpg,Buyer may infer ready-to-offer supply.,One approved data model; replace generic Active with inquiry/qualified statuses until lot gate met.,Trade lead + content + developer,1-3,Current lot evidence approval,"All home/detail badges agree; no active lot without approved authority, assay, specification and readiness.",OPEN
CW02,P1,https://corridorway.com/,Evidence Stack,Chrome desktop 1363x936; other devices untested,Generic origin/ownership/assay/specification/payment/logistics completed statuses; no lot or dated record; View all evidence leads to general commitments.,home.json,Unscoped proof claim undermines qualification.,Publish method checks or dated lot-specific summary; link real evidence access process.,Trade governance + editor,1-2,Approved evidence register,Each completed public check identifies its approved basis; no universal payment/logistics completion.,OPEN
CW03,P1,https://corridorway.com/company/,Hero,Chrome desktop 1363x936; other devices untested,Sovereign trade-office positioning without identified mandate in inspected content.,pages.json company; company.jpg,Could imply governmental authority.,Approve mandate disclosure or use minerals trade office based in Berbera.,Company lead + legal reviewer,0.5,Legal entity/mandate evidence,Company-approved factual description; sovereign retained only with documented basis.,OPEN
CW04,P1,https://corridorway.com/minerals/,Featured gypsum,Chrome desktop 1363x936; other devices untested,Publishes >=90% gypsum and impurity/LOI/whiteness thresholds plus scalable year-round supply without identifiable assay/lot in inspected page.,pages.json minerals; minerals.jpg,Specifications can be taken as commercial guarantee.,"Attach approved current specification basis or withhold; disclose dry/wet, method, source/date.",Trade lead + technical mineral reviewer,2-5,"Lot assays, sampling, readiness records",Every quantitative grade and supply claim maps to approved dated record; no unsupported 98% substitution.,OPEN
CW05,P1,https://corridorway.com/minerals/#copper,Copper prose,Chrome desktop 1363x936; other devices untested,Cathode-grade concentrate terminology with assay pending.,pages.json minerals,Material form and buyer expectations unclear.,Use accurate form backed by assay; otherwise mark sourcing opportunity.,Minerals technical lead,0.5-1,Assay/material identification,Concentrate and cathode are distinguished; no grade claimed before verified basis.,OPEN
CW06,P2,https://corridorway.com/,Shared footer,Chrome desktop 1363x936; other devices untested,"11 fragment links target absent IDs on gateway, responsible-trade and intelligence.",home.json links + pages.json IDs,Footer navigation fails promised destination.,Remove unsupported targets or connect to existing real sections; do not insert empty sections.,Front-end + editor,1,Information architecture approval,All 11 fragments locate intended nonempty sections or links removed; all-page regression passes.,OPEN
CW07,P2,https://corridorway.com/,Intelligence cards,Chrome desktop 1363x936; other devices untested,Read more links lead to intelligence page where briefs say Coming soon.,home.json + pages.json intelligence,Dead-end editorial promise.,Hide Read more until real article or honest empty state.,Editor + front-end,0.5,Approved brief publication,Every Read more opens complete dated/source-backed article; no empty brief CTA.,OPEN
CW08,P2,https://corridorway.com/minerals/,Download Product Sheet,Chrome desktop 1363x936; other devices untested,Download label href is trade#buyer-requirement.,Mineral DOM inspection quoted in report D; minerals.jpg,Expected download not delivered.,Provide approved actual product sheet or rename Request product sheet.,Trade lead + developer,0.5-2,Approved product sheet if download retained,Label and action agree; real file opens/downloads or clearly labeled request reaches inquiry.,OPEN
CW09,P1,https://corridorway.com/company/,Operational imagery and alt,Chrome desktop 1363x936; other devices untested,Generated-image filename paired with alt describing Corridorway operations building; other pages label port imagery as professionals and laboratory as quarry.,details.json; company/responsible/intelligence screenshots,Illustrations can imply nonexistent owned facilities; wrong accessible description.,Authenticate provenance and rights; qualify illustrations; correct descriptions.,Brand + content + asset owner,2-5,Rights/location/provenance records,Every real-company/location claim supported; illustrative captions explicit; alt matches visual.,OPEN
CW10,P2,https://corridorway.com/minerals/,Expanded catalog,Chrome desktop 1363x936; other devices untested,Buyer-facing text includes editorial instructions such as Include as... and do not imply...; generic government-source references.,pages.json minerals,Draft-like copy and unverifiable occurrence context.,Replace editorial commands with opportunity descriptions and exact authoritative source citations.,Editor + mineral reviewer,1-3,Government source review,No instruction-to-author language; each regional claim has precise source and commercial-status caveat.,OPEN
CW11,P2,https://corridorway.com/minerals/,Duplicate portfolio,Chrome desktop 1363x936; other devices untested,Gypsum/copper/gold have summary plus repeated full descriptions/passports.,pages.json; minerals.jpg,Status drift and excessive reading length.,One canonical detail per mineral; summaries use shared record.,UX + developer,2-4,Approved content model,One master record per material; compact summaries link correct section; no contradictory duplicates.,OPEN
CW12,P2,https://corridorway.com/company/,Main landmark,Chrome desktop 1363x936; other devices untested,No main or role=main landmark on all ten inspected pages.,home.json; details.json; minerals dedicated inspection,Assistive navigation lacks main-content destination.,Wrap unique body in one main with skip-link target.,Front-end + accessibility,1,Template mapping,Exactly one main each page; skip link keyboard-visible and lands at content.,OPEN
CW13,P1,https://corridorway.com/trade/,Buyer/supplier forms; also contact,Chrome desktop 1363x936; other devices untested,Controls lack associated HTML labels/IDs; trade fields have no aria-label/labelledby; several AX controls unnamed.,details.json fields; trade dedicated DOM/AX quoted in report,Assistive users may not identify controls.,"Unique IDs per form/control, linked persistent label; name groups; accessible errors.",Front-end + form maintainer,1-3,Form plugin/template ownership,Each field/checkbox announces correct name/required/state; native label click works; screen-reader and keyboard test passes.,OPEN
CW14,P2,https://corridorway.com/,Shared social links,Chrome desktop 1363x936; other devices untested,LinkedIn and X href # on current page.,home.json links; details/screenshots,Social destination is a placeholder.,Use verified approved official profiles or remove icons.,Editor + front-end,0.25,Official profile approval,All published social icons open approved profile; no # placeholders.,OPEN
CW15,P2,https://corridorway.com/trade/,Form privacy notice; also contact,Chrome desktop 1363x936; other devices untested,Privacy/Terms consent wording is plain text; trade form has no anchors to policies.,Trade DOM privacyLinks=[]; details.json,User cannot inspect referenced notices beside submission.,"Link notices, distinguish inquiry processing from optional marketing; review actual basis.",Form developer + privacy reviewer,0.5-1,Approved privacy content,Notices keyboard accessible adjacent to submit; optional marketing separate and unchecked.,OPEN
CW16,P2,https://corridorway.com/trade/,Buyer field set,Chrome desktop 1363x936; other devices untested,Delivery basis absent; volume collected as free text.,pages.json trade form,Qualification requires avoidable clarification.,Add delivery basis/named location or advise; unit/frequency/material form; avoid initial sensitive uploads.,Trade lead + UX,1-2,Commercial workflow approval,"Buyer can express grade, form, volume/unit/frequency,destination,basis,timeline; routing receives them.",OPEN
CW17,P1,https://corridorway.com/berbera-gateway/,Gateway Advantages,Chrome desktop 1363x936; other devices untested,Depth stated 18m+ without cited operator source in inspected content.,pages.json gateway; gateway.jpg,Vessel planning may rely on unverified depth.,Confirm dated berth/channel depth and permitted draft with operator; withhold number until verified.,Logistics lead + editor,0.5-2,Operator documentation,Exact numerical statement has current approved source and correct depth/draft context.,OPEN
CW18,P1,https://corridorway.com/berbera-gateway/,Route Intelligence,Chrome desktop 1363x936; other devices untested,Four regional bands marked Active without named service/ports/date; CTA points to coming-soon intelligence.,pages.json gateway/intelligence,Transit expectations and carrier availability unclear.,Named-port/route quote basis and review date; keep indicative caveat; request route inquiry if no briefs.,Logistics lead + editor,1-3,Current carrier/forwarder information,No unsupported Active service; bands have scope/date; CTA provides useful intended result.,OPEN
CW19,P1,https://corridorway.com/responsible-trade/,Commitments,Chrome desktop 1363x936; other devices untested,"Every public claim said to have owner/source/status, but inspected passports omit identified source/owner/date; HSE/community/OECD claims have no linked procedures.",pages.json responsible/minerals,Governance promise stronger than public evidence.,Approve actual policy/procedure summaries and record references; qualify unverified commitments.,Trade governance + qualified reviewer,2-5,Real approved policies and records,Each material commitment maps to owner/version/supporting record; framework alignment not described as certification.,OPEN
CW20,P2,https://corridorway.com/intelligence/,Article cards,Chrome desktop 1363x936; other devices untested,Different 363x363 and 363x202 media create visually uneven card heights.,details.json intelligence; intelligence.jpg,Inconsistent editorial rhythm.,Use consistent 16:9 thumbnail component once real articles published.,UI/front-end,0.5-1,Editorial empty-state decision,Sibling media dimensions/gaps/type consistent at full viewport matrix; crops truthful.,OPEN
CW21,P2,https://corridorway.com/contact/,Visit Us / hero,Chrome desktop 1363x936; other devices untested,"Get Directions searches Berbera Port, not identified office; hero visibly soft with stray embedded text.",details.json contact; contact.jpg,Visitors may infer office/port access; weak visual credibility.,Use approved office pin or label View Berbera area; replace clean authenticated hero.,Company lead + brand/front-end,1-2,Office location and image permissions,Directions label agrees with real destination; hero no stray text at desktop/mobile/DPR2.,OPEN
CW22,P2,https://corridorway.com/privacy/,Privacy notice,Chrome desktop 1363x936; other devices untested,General collection/use/sharing/retention text without detailed actual cookie/process disclosure.,pages.json privacy,Notice may not explain actual processing.,Qualified review based on real processors/cookies/retention/request process; add date.,Privacy reviewer + developer,1-3,Processing inventory,Company-approved notice matches measured cookie/form behavior and data handling; no legal compliance certification inferred.,OPEN
CW23,P2,https://corridorway.com/privacy/,Legal headings; also terms,Chrome desktop 1363x936; other devices untested,Two h1 headings repeat Privacy Policy and Terms of Use.,details.json legal; terms.jpg,Duplicated title and hierarchy.,"Render one h1 each, retain h2 subsection structure.",Front-end/editor,0.25,Template/title mapping,One visible primary title per legal page; no duplicate heading in DOM/AX.,OPEN
CW24,P2,https://corridorway.com/,SEO descriptions / social previews,Chrome desktop 1363x936; other devices untested,No meta description or OG tags in homepage head observation; inspected inner description/OG selectors empty.,home.json meta; pages.json meta,Weak controlled search/social presentation.,Implement approved unique metadata and licensed preview; validate render.,SEO + front-end,1-2,Approved page copy/media,Description and canonical unique/accurate; social tags present and preview works; no fabricated schema claims.,OPEN
CW25,P2,https://corridorway.com/,Typography hierarchy,Chrome desktop 1363x936; other devices untested,"Home service h5 compute 11px, mineral h4 12px versus 73.6px h1; heading-level jumps recur.",home.json headings,Compressed lower-page hierarchy and semantic inconsistency.,Approved token scale; h3 for cards; persistent readable sizes and zoom QA.,Brand/UX + front-end,1-3,Token approval,Repeat components share scale; no clipped text at requested widths/200% zoom; headings reflect nesting.,OPEN
CW26,P2,https://corridorway.com/,Media delivery,Chrome desktop 1363x936; other devices untested,Most important raw images lack srcset; inner images often loading auto. No payload/CWV measurements.,home.json and details.json images,Potential excess transfer; performance effect not measured.,Measure then responsive renditions/lazy loading/reserved dimensions; prioritize actual LCP.,Performance + front-end,2-4,PSI/Lighthouse and asset provenance,Appropriate source at widths/DPR; dimensions reserved; before/after actual measurements attached; no unsupported speed claims.,OPEN
