page_url,source_url,alt,natural_width_reported,natural_height_reported,render_width,render_height,render_ratio,loading,srcset,format_by_extension,bytes,rights,crop_focal_point,proposed_action
https://corridorway.com/,https://corridorway.com/wp-content/uploads/2026/09/corridorway_header_logo_current_visual_2x-300x75.png,Corridorway,160,40,160,40,4.0,auto,"https://corridorway.com/wp-content/uploads/2026/09/corridorway_header_logo_current_visual_2x.png 800w, https://corridorway.com/wp-content/uploads/2026/09/corridorway_header_logo_current_visual_2x-300x75.png 300w, https://corridorway.com/wp-content/uploads/2026/09/corridorway_header_logo_current_visual_2x-768x192.png 768w",.png,NOT TESTED,NOT VERIFIED,Needs responsive inspection,See report E and defect register
https://corridorway.com/,https://corridorway.com/wp-content/uploads/2026/09/hero-berbera-port-aerial-sunset.jpg,Bulk carrier and gantry cranes at Berbera port at dusk,1376,768,836,461,1.813,eager,,.jpg,NOT TESTED,NOT VERIFIED,Needs responsive inspection,See report E and defect register
https://corridorway.com/,https://corridorway.com/wp-content/uploads/2026/09/mineral-gypsum-crystal-cluster.jpg,Industrial-grade gypsum,1024,1024,119,96,1.24,lazy,,.jpg,NOT TESTED,NOT VERIFIED,Needs responsive inspection,See report E and defect register
https://corridorway.com/,https://corridorway.com/wp-content/uploads/2026/09/mineral-copper-raw-nuggets.jpg,Copper ore concentrate,1024,1024,119,96,1.24,lazy,,.jpg,NOT TESTED,NOT VERIFIED,Needs responsive inspection,See report E and defect register
https://corridorway.com/,https://corridorway.com/wp-content/uploads/2026/09/mineral-gold-nuggets.jpg,Gold and precious minerals,1024,1024,119,96,1.24,lazy,,.jpg,NOT TESTED,NOT VERIFIED,Needs responsive inspection,See report E and defect register
https://corridorway.com/,https://corridorway.com/wp-content/uploads/2026/09/homepage_berbera_gateway_map_current-1.png,Berbera port logistics operations,1672,941,448,463,0.968,lazy,,.png,NOT TESTED,NOT VERIFIED,Needs responsive inspection,See report E and defect register
https://corridorway.com/,https://corridorway.com/wp-content/uploads/2026/09/homepage_intelligence_berbera_current-1.png,Berbera port operations,1376,768,121,74,1.635,lazy,,.png,NOT TESTED,NOT VERIFIED,Needs responsive inspection,See report E and defect register
https://corridorway.com/,https://corridorway.com/wp-content/uploads/2026/09/homepage_intelligence_copper_current-1.png,Copper ore concentrate,1024,1024,121,74,1.635,lazy,,.png,NOT TESTED,NOT VERIFIED,Needs responsive inspection,See report E and defect register
https://corridorway.com/,https://corridorway.com/wp-content/uploads/2026/09/homepage_intelligence_gypsum_current-1.png,Industrial-grade gypsum,1024,1024,121,74,1.635,lazy,,.png,NOT TESTED,NOT VERIFIED,Needs responsive inspection,See report E and defect register
https://corridorway.com/,https://corridorway.com/wp-content/uploads/2026/09/Gemini_Generated_Image_h2beg6h2beg6h2be.png,Verification and assay laboratory,1200,896,449,387,1.16,lazy,,.png,NOT TESTED,NOT VERIFIED,Needs responsive inspection,See report E and defect register
https://corridorway.com/,https://corridorway.com/wp-content/uploads/2026/09/corridorway_header_logo_current_visual_2x-300x75.png,Corridorway,170,42,170,43,3.953,auto,"https://corridorway.com/wp-content/uploads/2026/09/corridorway_header_logo_current_visual_2x.png 800w, https://corridorway.com/wp-content/uploads/2026/09/corridorway_header_logo_current_visual_2x-300x75.png 300w, https://corridorway.com/wp-content/uploads/2026/09/corridorway_header_logo_current_visual_2x-768x192.png 768w",.png,NOT TESTED,NOT VERIFIED,Needs responsive inspection,See report E and defect register
https://corridorway.com/company/,https://corridorway.com/wp-content/uploads/2026/09/Gemini_Generated_Image_hq33alhq33alhq33.png,"Corridorway operations building alongside port cargo yard at night, Berbera",1376,768,1348,320,4.213,auto,,.png,NOT TESTED,NOT VERIFIED,Needs responsive inspection,See report E and defect register
https://corridorway.com/trade/,https://corridorway.com/wp-content/uploads/2026/09/Gemini_Generated_Image_z15jfcz15jfcz15j.png,Container ship at sea,1376,768,1348,320,4.213,auto,,.png,NOT TESTED,NOT VERIFIED,Needs responsive inspection,See report E and defect register
https://corridorway.com/trade/,https://corridorway.com/wp-content/uploads/2026/09/Gemini_Generated_Image_ere62eere62eere6.png,"Trade workflow buyer journey: requirement, qualification, verification, commercial structuring, logistics",1376,768,1300,726,1.791,auto,,.png,NOT TESTED,NOT VERIFIED,Needs responsive inspection,See report E and defect register
https://corridorway.com/berbera-gateway/,https://corridorway.com/wp-content/uploads/2026/09/Gemini_Generated_Image_di6xpzdi6xpzdi6x.png,Berbera port at dusk with cargo ships and gantry cranes,1376,768,1348,420,3.21,auto,,.png,NOT TESTED,NOT VERIFIED,Needs responsive inspection,See report E and defect register
https://corridorway.com/berbera-gateway/,https://corridorway.com/wp-content/uploads/2026/09/market-trade-routes-map-berbera.png,"Map of indicative trade routes from Berbera to Europe, the Middle East, Asia and Africa",1672,941,1300,732,1.776,auto,,.png,NOT TESTED,NOT VERIFIED,Needs responsive inspection,See report E and defect register
https://corridorway.com/responsible-trade/,https://corridorway.com/wp-content/uploads/2026/09/Gemini_Generated_Image_h2beg6h2beg6h2be.png,Quarry operations,1200,896,1348,320,4.213,auto,,.png,NOT TESTED,NOT VERIFIED,Needs responsive inspection,See report E and defect register
https://corridorway.com/responsible-trade/,https://corridorway.com/wp-content/uploads/2026/09/Gemini_Generated_Image_fuxe6mfuxe6mfuxe.png,Mountainous geological landscape with a field survey camp at dusk,1376,768,633,353,1.793,auto,,.png,NOT TESTED,NOT VERIFIED,Needs responsive inspection,See report E and defect register
https://corridorway.com/responsible-trade/,https://corridorway.com/wp-content/uploads/2026/09/Gemini_Generated_Image_8emjbj8emjbj8emj.png,"Assay reports, chain-of-custody documentation and analytical equipment",1200,896,633,473,1.338,auto,,.png,NOT TESTED,NOT VERIFIED,Needs responsive inspection,See report E and defect register
https://corridorway.com/intelligence/,https://corridorway.com/wp-content/uploads/2026/09/contact_page_visit_berbera_current_v8_wide.png,Trade professionals reviewing reports,1363,760,1348,320,4.213,auto,"https://corridorway.com/wp-content/uploads/2026/09/contact_page_visit_berbera_current_v8_wide.png 1376w, https://corridorway.com/wp-content/uploads/2026/09/contact_page_visit_berbera_current_v8_wide-300x167.png 300w, https://corridorway.com/wp-content/uploads/2026/09/contact_page_visit_berbera_current_v8_wide-1024x572.png 1024w, https://corridorway.com/wp-content/uploads/2026/09/contact_page_visit_berbera_current_v8_wide-768x429.png 768w",.png,NOT TESTED,NOT VERIFIED,Needs responsive inspection,See report E and defect register
https://corridorway.com/intelligence/,https://corridorway.com/wp-content/uploads/2026/09/intelligence_copper_current-1.png,Copper ore,1024,1024,363,363,1.0,auto,"https://corridorway.com/wp-content/uploads/2026/09/intelligence_copper_current-1.png 1024w, https://corridorway.com/wp-content/uploads/2026/09/intelligence_copper_current-1-300x300.png 300w, https://corridorway.com/wp-content/uploads/2026/09/intelligence_copper_current-1-150x150.png 150w, https://corridorway.com/wp-content/uploads/2026/09/intelligence_copper_current-1-768x768.png 768w",.png,NOT TESTED,NOT VERIFIED,Needs responsive inspection,See report E and defect register
https://corridorway.com/intelligence/,https://corridorway.com/wp-content/uploads/2026/09/intelligence_berbera_port_current-1.png,Berbera container terminal,1363,760,363,202,1.797,auto,"https://corridorway.com/wp-content/uploads/2026/09/intelligence_berbera_port_current-1.png 1376w, https://corridorway.com/wp-content/uploads/2026/09/intelligence_berbera_port_current-1-300x167.png 300w, https://corridorway.com/wp-content/uploads/2026/09/intelligence_berbera_port_current-1-1024x572.png 1024w, https://corridorway.com/wp-content/uploads/2026/09/intelligence_berbera_port_current-1-768x429.png 768w",.png,NOT TESTED,NOT VERIFIED,Needs responsive inspection,See report E and defect register
https://corridorway.com/intelligence/,https://corridorway.com/wp-content/uploads/2026/09/intelligence_gypsum_current-1.png,Gypsum rock,1024,1024,363,363,1.0,auto,"https://corridorway.com/wp-content/uploads/2026/09/intelligence_gypsum_current-1.png 1024w, https://corridorway.com/wp-content/uploads/2026/09/intelligence_gypsum_current-1-300x300.png 300w, https://corridorway.com/wp-content/uploads/2026/09/intelligence_gypsum_current-1-150x150.png 150w, https://corridorway.com/wp-content/uploads/2026/09/intelligence_gypsum_current-1-768x768.png 768w",.png,NOT TESTED,NOT VERIFIED,Needs responsive inspection,See report E and defect register
https://corridorway.com/contact/,https://corridorway.com/wp-content/uploads/2026/09/contact_page_hero_berbera_current_v8-1-1536x864.png,Berbera port at sunset,1363,766,1348,320,4.213,auto,"https://corridorway.com/wp-content/uploads/2026/09/contact_page_hero_berbera_current_v8-1.png 1920w, https://corridorway.com/wp-content/uploads/2026/09/contact_page_hero_berbera_current_v8-1-300x169.png 300w, https://corridorway.com/wp-content/uploads/2026/09/contact_page_hero_berbera_current_v8-1-1024x576.png 1024w, https://corridorway.com/wp-content/uploads/2026/09/contact_page_hero_berbera_current_v8-1-768x432.png 768w, https://corridorway.com/wp-content/uploads/2026/09/contact_page_hero_berbera_current_v8-1-1536x864.png 1536w",.png,NOT TESTED,NOT VERIFIED,Needs responsive inspection,See report E and defect register
https://corridorway.com/contact/,https://corridorway.com/wp-content/uploads/2026/09/contact_page_visit_berbera_current_v8_wide.png,Berbera port aerial view,1363,760,1348,302,4.464,auto,"https://corridorway.com/wp-content/uploads/2026/09/contact_page_visit_berbera_current_v8_wide.png 1376w, https://corridorway.com/wp-content/uploads/2026/09/contact_page_visit_berbera_current_v8_wide-300x167.png 300w, https://corridorway.com/wp-content/uploads/2026/09/contact_page_visit_berbera_current_v8_wide-1024x572.png 1024w, https://corridorway.com/wp-content/uploads/2026/09/contact_page_visit_berbera_current_v8_wide-768x429.png 768w",.png,NOT TESTED,NOT VERIFIED,Needs responsive inspection,See report E and defect register
https://corridorway.com/minerals/,https://corridorway.com/wp-content/uploads/2026/09/berbera_gateway_hero_current-1-1536x864.png,Berbera port at dusk,1363,766,1348,350,3.851,auto,Present on hero; none on other listed minerals assets; see live DOM,.png,NOT TESTED,NOT VERIFIED,Needs responsive inspection,See report E and defect register
https://corridorway.com/minerals/,https://corridorway.com/wp-content/uploads/2026/09/mineral-gypsum-crystal-cluster.jpg,Gypsum rock,1024,1024,412,220,1.873,auto,Present on hero; none on other listed minerals assets; see live DOM,.jpg,NOT TESTED,NOT VERIFIED,Needs responsive inspection,See report E and defect register
https://corridorway.com/minerals/,https://corridorway.com/wp-content/uploads/2026/09/mineral-copper-raw-nuggets.jpg,Copper ore concentrate,1024,1024,220,150,1.467,auto,Present on hero; none on other listed minerals assets; see live DOM,.jpg,NOT TESTED,NOT VERIFIED,Needs responsive inspection,See report E and defect register
https://corridorway.com/minerals/,https://corridorway.com/wp-content/uploads/2026/09/mineral-gold-nuggets.jpg,Gold and precious minerals,1024,1024,220,150,1.467,auto,Present on hero; none on other listed minerals assets; see live DOM,.jpg,NOT TESTED,NOT VERIFIED,Needs responsive inspection,See report E and defect register
https://corridorway.com/minerals/,https://corridorway.com/wp-content/uploads/2026/09/mineral-gypsum-crystal-cluster.jpg,Gypsum rock,1024,1024,466,340,1.371,auto,Present on hero; none on other listed minerals assets; see live DOM,.jpg,NOT TESTED,NOT VERIFIED,Needs responsive inspection,See report E and defect register
https://corridorway.com/minerals/,https://corridorway.com/wp-content/uploads/2026/09/mineral-copper-raw-nuggets.jpg,Natural copper mineral specimen,1024,1024,466,340,1.371,auto,Present on hero; none on other listed minerals assets; see live DOM,.jpg,NOT TESTED,NOT VERIFIED,Needs responsive inspection,See report E and defect register
https://corridorway.com/minerals/,https://corridorway.com/wp-content/uploads/2026/09/mineral-gold-nuggets.jpg,Natural gold specimen,1024,1024,466,340,1.371,auto,Present on hero; none on other listed minerals assets; see live DOM,.jpg,NOT TESTED,NOT VERIFIED,Needs responsive inspection,See report E and defect register
https://corridorway.com/minerals/,https://corridorway.com/wp-content/uploads/2026/09/Gemini_Generated_Image_1b62mw1b62mw1b62.png,Bulk mineral material stockpile with processing plant and front loader,1200,896,1200,320,3.75,auto,Present on hero; none on other listed minerals assets; see live DOM,.png,NOT TESTED,NOT VERIFIED,Needs responsive inspection,See report E and defect register
