file,actual_width_px,actual_height_px,type
berbera-gateway.jpg,1348,2880,Original desktop evidence; not upscaled
company.jpg,1348,1753,Original desktop evidence; not upscaled
contact.jpg,1348,2365,Original desktop evidence; not upscaled
home.jpg,1348,2291,Original desktop evidence; not upscaled
intelligence.jpg,1348,1540,Original desktop evidence; not upscaled
minerals.jpg,1348,8771,Original desktop evidence; not upscaled
privacy.jpg,1348,1286,Original desktop evidence; not upscaled
responsible-trade.jpg,1348,1978,Original desktop evidence; not upscaled
terms.jpg,1348,1286,Original desktop evidence; not upscaled
trade.jpg,1348,5624,Original desktop evidence; not upscaled
