slot_id,area,observed_display_css_px,proposed_default_desktop_css_px,proposed_default_mobile_css_px,ratio_or_behavior,exact_master_export_px,production_format,responsive_export_widths,composition_and_truth_requirement,asset_readiness
S01,All pages / header logo,160x40 observed,200x50,160x40,Keep original master ratio,800x200,transparent PNG or approved SVG,SVG or 2x raster,PRESERVE approved geometry; do not recreate logo,existing approved master
S02,All pages / footer logo,170x43 observed,200x50,160x40,Keep original master ratio,800x200,transparent PNG or approved SVG,SVG or 2x raster,PRESERVE approved geometry,existing approved master
S03,Home / hero,836x461 media; full hero in screenshot,1440x720,390x560,2:1 desktop; 39:56 mobile,3840x1920; mobile 1170x1680,AVIF/WebP plus JPEG,960/1440/1920/2880/3840 desktop;390/780/1170 mobile,Authenticated Berbera photograph OR labeled illustration; copy stays HTML,approved port original required
S04,Company / hero,1348x320 observed,1440x400,390x320,18:5 desktop;39:32 mobile,2880x800; mobile 1170x960,AVIF/WebP plus JPEG,720/1440/2880;390/780/1170,Real approved office/team image OR abstract background; no fictional owned building,approved original required for documentary photo
S05,Minerals / hero,1348x350 observed,1440x400,390x320,18:5 desktop;39:32 mobile,2880x800;mobile1170x960,AVIF/WebP plus JPEG,720/1440/2880;390/780/1170,Actual relevant material/port scene; no verified-origin implication without evidence,approved photo required
S06,Trade / hero,1348x320 observed,1440x400,390x320,18:5 desktop;39:32 mobile,2880x800;mobile1170x960,AVIF/WebP plus JPEG,720/1440/2880;390/780/1170,Authorized logistics photo OR abstract background,abstract backdrop included
S07,Gateway / hero,1348x420 observed,1440x480,390x360,3:1 desktop;13:12 mobile,3840x1280;mobile1170x1080,AVIF/WebP plus JPEG,960/1440/1920/2880/3840;390/780/1170,Authenticated Berbera location; no fictitious port assets,approved port photo required
S08,Responsible / hero,1348x320 observed,1440x400,390x320,18:5 desktop;39:32 mobile,2880x800;mobile1170x960,AVIF/WebP plus JPEG,720/1440/2880;390/780/1170,Real permitted verification scene OR abstract illustration; not lab ownership claim,approved photo required
S09,Intelligence / hero,1348x320 observed,1440x400,390x320,18:5 desktop;39:32 mobile,2880x800;mobile1170x960,AVIF/WebP plus JPEG,720/1440/2880;390/780/1170,Purposeful editorial image; alt matches actual subject,abstract backdrop included
S10,Contact / hero,1348x320 observed,1440x400,390x320,18:5 desktop;39:32 mobile,2880x800;mobile1170x960,AVIF/WebP plus JPEG,720/1440/2880;390/780/1170,Clean authentic port original; no embedded letters,approved photo required
S11,Contact / visit image,1348x302 observed,1280x400,350x280,16:5 desktop;5:4 mobile,2560x800;mobile1050x840,AVIF/WebP plus JPEG,640/1280/2560;350/700/1050,Real office/area photo; directions must match approved location,approved location/photo required
S12,Home / mineral thumbnails (3),119x96 observed,384x288,350x263,4:3,1600x1200,AVIF/WebP plus JPEG,320/640/960/1600,"Neutral-light real sample, scale reference; specimen not concentrate unless documented",approved gypsum/copper/gold samples required
S13,Minerals / featured gypsum,412x220 observed,600x450,350x263,4:3,1600x1200,AVIF/WebP plus JPEG,400/800/1200/1600,Representative approved gypsum sample; no grade inference from picture,approved sample photo required
S14,Minerals / product card and detail (3),220x150 cards;466x340 details,600x450,350x263,4:3,1600x1200,AVIF/WebP plus JPEG,400/800/1200/1600,"One canonical photo set each mineral, current/source-supported",approved sample photos required
S15,Home / gateway graphic,448x463 observed,600x450,350x263,4:3,2400x1800 SVG;PNG if needed,SVG with HTML description,native SVG,Schematic process not falsely measured active geographic routes,included gateway process schematic
S16,Home / responsible image,449x387 observed,600x450,350x263,4:3,1600x1200,AVIF/WebP plus JPEG,400/800/1200/1600,Real authorized verification image OR labeled process diagram,included evidence-check diagram alternative
S17,Home / intelligence card images (3),121x74 observed,384x216,350x197,16:9,1920x1080,AVIF/WebP plus JPEG,320/640/960/1920,Only attach to real published articles; common aspect ratio,approved editorial photos required
S18,Intelligence / article card images (3),"363x363,363x202,363x363 observed",384x216,350x197,16:9,1920x1080,AVIF/WebP plus JPEG,320/640/960/1920,Consistent crops; source/date/byline and complete article required,publish real briefs first
S19,Trade / workflow,1300x726 raster observed,1280x220,350x720,Responsive HTML; no fixed image ratio,2400x600 desktop reference,HTML/CSS;SVG reference,native HTML,Six semantic steps; no rasterized essential labels,included HTML and vector reference
S20,Gateway / route schematic,1300x732 observed,1280x720,350x420,Responsive HTML/SVG,2400x1800 process alternative,SVG/HTML,native SVG,Do not draw unverified carrier route geography; publish quotes separately,included schematic; real route table needs records
S21,Responsible / field and assay images (2),633x353 and633x473 observed,600x450,350x263,4:3,1600x1200,AVIF/WebP plus JPEG,400/800/1200/1600,Authorized field/lab/document originals; generated records never evidence,approved originals required
S22,Minerals / expanded catalog banner,1200x320 observed,1280x400,350x280,16:5 desktop;5:4 mobile,2560x800;mobile1050x840,AVIF/WebP plus JPEG,640/1280/2560;350/700/1050,Actual source photo OR abstract material texture; no invented operating facility,abstract backdrop included
S23,All pages / footer decorative background,CSS background not inventoried,1440x600,390x1000 content-driven,Decorative background; text HTML,2880x1200,SVG or optimized WebP,native SVG,Low-contrast non-documentary backdrop; readable text,included abstract backdrop
